AppInsightsFilter,BadRequestException,0.461538462
AppInsightsFilter,ConflictingRequestException,0.461538462
AppInsightsFilter,MongoDBProperties,0.461538462
AppInsightsFilter,OrderingConfiguration,0.461538462
AppInsightsFilter,OrderingInitializer,0.461538462
AppInsightsFilter,OrderingServiceProperties,0.461538462
AppInsightsFilter,PostgresqlProperties,0.461538462
AppInsightsFilter,PropertyHelper,0.461538462
AppInsightsFilter,SimpleCORSFilter,0.461538462
AppInsightsFilter,TestPath,0.461538462
AppInsightsFilter,Utility,0.461538462
AppInsightsFilter,CatalogController,0.461538462
AppInsightsFilter,DealerController,0.476190476
AppInsightsFilter,OrderController,0.461538462
AppInsightsFilter,PingController,0.461538462
AppInsightsFilter,QuoteController,0.461538462
AppInsightsFilter,ShipmentController,0.461538462
AppInsightsFilter,CatalogItem,0.461538462
AppInsightsFilter,DealerInfo,0.461538462
AppInsightsFilter,Delivery,0.461538462
AppInsightsFilter,DeliveryAddress,0.461538462
AppInsightsFilter,Order,0.461538462
AppInsightsFilter,OrderEventInfo,0.461538462
AppInsightsFilter,OrderStatus,0.461538462
AppInsightsFilter,OrderUpdateInfo,0.461538462
AppInsightsFilter,PhoneInfo,0.461538462
AppInsightsFilter,Quote,0.461538462
AppInsightsFilter,QuoteItemInfo,0.461538462
AppInsightsFilter,ShipmentEventInfo,0.461538462
AppInsightsFilter,ShipmentRecord,0.461538462
AppInsightsFilter,CatalogItemsRepository,0.461538462
AppInsightsFilter,DealersRepository,0.461538462
AppInsightsFilter,OrderRepository,0.461538462
AppInsightsFilter,QuoteRepository,0.461538462
AppInsightsFilter,RepositoryFactory,0.461538462
AppInsightsFilter,ShipmentRepository,0.461538462
AppInsightsFilter,mongodb.MongoCatalogItemsRepository,0.461538462
AppInsightsFilter,mongodb.MongoDealersRepository,0.461538462
AppInsightsFilter,mongodb.MongoOperationsWithRetry,0.923076923
AppInsightsFilter,mongodb.MongoOrderRepository,0.461538462
AppInsightsFilter,mongodb.MongoQuoteRepository,0.461538462
AppInsightsFilter,mongodb.MongoShipmentRepository,0.461538462
AppInsightsFilter,mongodb.CatalogItem,0.461538462
AppInsightsFilter,mongodb.Dealer,0.461538462
AppInsightsFilter,mongodb.OrderDetails,0.461538462
AppInsightsFilter,mongodb.QuoteDetails,0.461538462
AppInsightsFilter,mongodb.ShipmentDetails,0.461538462
BadRequestException,ConflictingRequestException,1
BadRequestException,MongoDBProperties,1
BadRequestException,OrderingConfiguration,1
BadRequestException,OrderingInitializer,1
BadRequestException,OrderingServiceProperties,1
BadRequestException,PostgresqlProperties,1
BadRequestException,PropertyHelper,1
BadRequestException,SimpleCORSFilter,1
BadRequestException,TestPath,1
BadRequestException,Utility,1
BadRequestException,CatalogController,1
BadRequestException,DealerController,0.333333333
BadRequestException,OrderController,1
BadRequestException,PingController,1
BadRequestException,QuoteController,1
BadRequestException,ShipmentController,1
BadRequestException,CatalogItem,1
BadRequestException,DealerInfo,1
BadRequestException,Delivery,1
BadRequestException,DeliveryAddress,1
BadRequestException,Order,1
BadRequestException,OrderEventInfo,1
BadRequestException,OrderStatus,1
BadRequestException,OrderUpdateInfo,1
BadRequestException,PhoneInfo,1
BadRequestException,Quote,1
BadRequestException,QuoteItemInfo,1
BadRequestException,ShipmentEventInfo,1
BadRequestException,ShipmentRecord,1
BadRequestException,CatalogItemsRepository,1
BadRequestException,DealersRepository,1
BadRequestException,OrderRepository,1
BadRequestException,QuoteRepository,1
BadRequestException,RepositoryFactory,1
BadRequestException,ShipmentRepository,1
BadRequestException,mongodb.MongoCatalogItemsRepository,1
BadRequestException,mongodb.MongoDealersRepository,1
BadRequestException,mongodb.MongoOperationsWithRetry,0.5
BadRequestException,mongodb.MongoOrderRepository,1
BadRequestException,mongodb.MongoQuoteRepository,1
BadRequestException,mongodb.MongoShipmentRepository,1
BadRequestException,mongodb.CatalogItem,1
BadRequestException,mongodb.Dealer,1
BadRequestException,mongodb.OrderDetails,1
BadRequestException,mongodb.QuoteDetails,1
BadRequestException,mongodb.ShipmentDetails,1
ConflictingRequestException,MongoDBProperties,1
ConflictingRequestException,OrderingConfiguration,1
ConflictingRequestException,OrderingInitializer,1
ConflictingRequestException,OrderingServiceProperties,1
ConflictingRequestException,PostgresqlProperties,1
ConflictingRequestException,PropertyHelper,1
ConflictingRequestException,SimpleCORSFilter,1
ConflictingRequestException,TestPath,1
ConflictingRequestException,Utility,1
ConflictingRequestException,CatalogController,1
ConflictingRequestException,DealerController,0.333333333
ConflictingRequestException,OrderController,1
ConflictingRequestException,PingController,1
ConflictingRequestException,QuoteController,1
ConflictingRequestException,ShipmentController,1
ConflictingRequestException,CatalogItem,1
ConflictingRequestException,DealerInfo,1
ConflictingRequestException,Delivery,1
ConflictingRequestException,DeliveryAddress,1
ConflictingRequestException,Order,1
ConflictingRequestException,OrderEventInfo,1
ConflictingRequestException,OrderStatus,1
ConflictingRequestException,OrderUpdateInfo,1
ConflictingRequestException,PhoneInfo,1
ConflictingRequestException,Quote,1
ConflictingRequestException,QuoteItemInfo,1
ConflictingRequestException,ShipmentEventInfo,1
ConflictingRequestException,ShipmentRecord,1
ConflictingRequestException,CatalogItemsRepository,1
ConflictingRequestException,DealersRepository,1
ConflictingRequestException,OrderRepository,1
ConflictingRequestException,QuoteRepository,1
ConflictingRequestException,RepositoryFactory,1
ConflictingRequestException,ShipmentRepository,1
ConflictingRequestException,mongodb.MongoCatalogItemsRepository,1
ConflictingRequestException,mongodb.MongoDealersRepository,1
ConflictingRequestException,mongodb.MongoOperationsWithRetry,0.5
ConflictingRequestException,mongodb.MongoOrderRepository,1
ConflictingRequestException,mongodb.MongoQuoteRepository,1
ConflictingRequestException,mongodb.MongoShipmentRepository,1
ConflictingRequestException,mongodb.CatalogItem,1
ConflictingRequestException,mongodb.Dealer,1
ConflictingRequestException,mongodb.OrderDetails,1
ConflictingRequestException,mongodb.QuoteDetails,1
ConflictingRequestException,mongodb.ShipmentDetails,1
MongoDBProperties,OrderingConfiguration,1
MongoDBProperties,OrderingInitializer,1
MongoDBProperties,OrderingServiceProperties,1
MongoDBProperties,PostgresqlProperties,1
MongoDBProperties,PropertyHelper,1
MongoDBProperties,SimpleCORSFilter,1
MongoDBProperties,TestPath,1
MongoDBProperties,Utility,1
MongoDBProperties,CatalogController,1
MongoDBProperties,DealerController,0.333333333
MongoDBProperties,OrderController,1
MongoDBProperties,PingController,1
MongoDBProperties,QuoteController,1
MongoDBProperties,ShipmentController,1
MongoDBProperties,CatalogItem,1
MongoDBProperties,DealerInfo,1
MongoDBProperties,Delivery,1
MongoDBProperties,DeliveryAddress,1
MongoDBProperties,Order,1
MongoDBProperties,OrderEventInfo,1
MongoDBProperties,OrderStatus,1
MongoDBProperties,OrderUpdateInfo,1
MongoDBProperties,PhoneInfo,1
MongoDBProperties,Quote,1
MongoDBProperties,QuoteItemInfo,1
MongoDBProperties,ShipmentEventInfo,1
MongoDBProperties,ShipmentRecord,1
MongoDBProperties,CatalogItemsRepository,1
MongoDBProperties,DealersRepository,1
MongoDBProperties,OrderRepository,1
MongoDBProperties,QuoteRepository,1
MongoDBProperties,RepositoryFactory,1
MongoDBProperties,ShipmentRepository,1
MongoDBProperties,mongodb.MongoCatalogItemsRepository,1
MongoDBProperties,mongodb.MongoDealersRepository,1
MongoDBProperties,mongodb.MongoOperationsWithRetry,0.5
MongoDBProperties,mongodb.MongoOrderRepository,1
MongoDBProperties,mongodb.MongoQuoteRepository,1
MongoDBProperties,mongodb.MongoShipmentRepository,1
MongoDBProperties,mongodb.CatalogItem,1
MongoDBProperties,mongodb.Dealer,1
MongoDBProperties,mongodb.OrderDetails,1
MongoDBProperties,mongodb.QuoteDetails,1
MongoDBProperties,mongodb.ShipmentDetails,1
OrderingConfiguration,OrderingInitializer,1
OrderingConfiguration,OrderingServiceProperties,1
OrderingConfiguration,PostgresqlProperties,1
OrderingConfiguration,PropertyHelper,1
OrderingConfiguration,SimpleCORSFilter,1
OrderingConfiguration,TestPath,1
OrderingConfiguration,Utility,1
OrderingConfiguration,CatalogController,1
OrderingConfiguration,DealerController,0.333333333
OrderingConfiguration,OrderController,1
OrderingConfiguration,PingController,1
OrderingConfiguration,QuoteController,1
OrderingConfiguration,ShipmentController,1
OrderingConfiguration,CatalogItem,1
OrderingConfiguration,DealerInfo,1
OrderingConfiguration,Delivery,1
OrderingConfiguration,DeliveryAddress,1
OrderingConfiguration,Order,1
OrderingConfiguration,OrderEventInfo,1
OrderingConfiguration,OrderStatus,1
OrderingConfiguration,OrderUpdateInfo,1
OrderingConfiguration,PhoneInfo,1
OrderingConfiguration,Quote,1
OrderingConfiguration,QuoteItemInfo,1
OrderingConfiguration,ShipmentEventInfo,1
OrderingConfiguration,ShipmentRecord,1
OrderingConfiguration,CatalogItemsRepository,1
OrderingConfiguration,DealersRepository,1
OrderingConfiguration,OrderRepository,1
OrderingConfiguration,QuoteRepository,1
OrderingConfiguration,RepositoryFactory,1
OrderingConfiguration,ShipmentRepository,1
OrderingConfiguration,mongodb.MongoCatalogItemsRepository,1
OrderingConfiguration,mongodb.MongoDealersRepository,1
OrderingConfiguration,mongodb.MongoOperationsWithRetry,0.5
OrderingConfiguration,mongodb.MongoOrderRepository,1
OrderingConfiguration,mongodb.MongoQuoteRepository,1
OrderingConfiguration,mongodb.MongoShipmentRepository,1
OrderingConfiguration,mongodb.CatalogItem,1
OrderingConfiguration,mongodb.Dealer,1
OrderingConfiguration,mongodb.OrderDetails,1
OrderingConfiguration,mongodb.QuoteDetails,1
OrderingConfiguration,mongodb.ShipmentDetails,1
OrderingInitializer,OrderingServiceProperties,1
OrderingInitializer,PostgresqlProperties,1
OrderingInitializer,PropertyHelper,1
OrderingInitializer,SimpleCORSFilter,1
OrderingInitializer,TestPath,1
OrderingInitializer,Utility,1
OrderingInitializer,CatalogController,1
OrderingInitializer,DealerController,0.333333333
OrderingInitializer,OrderController,1
OrderingInitializer,PingController,1
OrderingInitializer,QuoteController,1
OrderingInitializer,ShipmentController,1
OrderingInitializer,CatalogItem,1
OrderingInitializer,DealerInfo,1
OrderingInitializer,Delivery,1
OrderingInitializer,DeliveryAddress,1
OrderingInitializer,Order,1
OrderingInitializer,OrderEventInfo,1
OrderingInitializer,OrderStatus,1
OrderingInitializer,OrderUpdateInfo,1
OrderingInitializer,PhoneInfo,1
OrderingInitializer,Quote,1
OrderingInitializer,QuoteItemInfo,1
OrderingInitializer,ShipmentEventInfo,1
OrderingInitializer,ShipmentRecord,1
OrderingInitializer,CatalogItemsRepository,1
OrderingInitializer,DealersRepository,1
OrderingInitializer,OrderRepository,1
OrderingInitializer,QuoteRepository,1
OrderingInitializer,RepositoryFactory,1
OrderingInitializer,ShipmentRepository,1
OrderingInitializer,mongodb.MongoCatalogItemsRepository,1
OrderingInitializer,mongodb.MongoDealersRepository,1
OrderingInitializer,mongodb.MongoOperationsWithRetry,0.5
OrderingInitializer,mongodb.MongoOrderRepository,1
OrderingInitializer,mongodb.MongoQuoteRepository,1
OrderingInitializer,mongodb.MongoShipmentRepository,1
OrderingInitializer,mongodb.CatalogItem,1
OrderingInitializer,mongodb.Dealer,1
OrderingInitializer,mongodb.OrderDetails,1
OrderingInitializer,mongodb.QuoteDetails,1
OrderingInitializer,mongodb.ShipmentDetails,1
OrderingServiceProperties,PostgresqlProperties,1
OrderingServiceProperties,PropertyHelper,1
OrderingServiceProperties,SimpleCORSFilter,1
OrderingServiceProperties,TestPath,1
OrderingServiceProperties,Utility,1
OrderingServiceProperties,CatalogController,1
OrderingServiceProperties,DealerController,0.333333333
OrderingServiceProperties,OrderController,1
OrderingServiceProperties,PingController,1
OrderingServiceProperties,QuoteController,1
OrderingServiceProperties,ShipmentController,1
OrderingServiceProperties,CatalogItem,1
OrderingServiceProperties,DealerInfo,1
OrderingServiceProperties,Delivery,1
OrderingServiceProperties,DeliveryAddress,1
OrderingServiceProperties,Order,1
OrderingServiceProperties,OrderEventInfo,1
OrderingServiceProperties,OrderStatus,1
OrderingServiceProperties,OrderUpdateInfo,1
OrderingServiceProperties,PhoneInfo,1
OrderingServiceProperties,Quote,1
OrderingServiceProperties,QuoteItemInfo,1
OrderingServiceProperties,ShipmentEventInfo,1
OrderingServiceProperties,ShipmentRecord,1
OrderingServiceProperties,CatalogItemsRepository,1
OrderingServiceProperties,DealersRepository,1
OrderingServiceProperties,OrderRepository,1
OrderingServiceProperties,QuoteRepository,1
OrderingServiceProperties,RepositoryFactory,1
OrderingServiceProperties,ShipmentRepository,1
OrderingServiceProperties,mongodb.MongoCatalogItemsRepository,1
OrderingServiceProperties,mongodb.MongoDealersRepository,1
OrderingServiceProperties,mongodb.MongoOperationsWithRetry,0.5
OrderingServiceProperties,mongodb.MongoOrderRepository,1
OrderingServiceProperties,mongodb.MongoQuoteRepository,1
OrderingServiceProperties,mongodb.MongoShipmentRepository,1
OrderingServiceProperties,mongodb.CatalogItem,1
OrderingServiceProperties,mongodb.Dealer,1
OrderingServiceProperties,mongodb.OrderDetails,1
OrderingServiceProperties,mongodb.QuoteDetails,1
OrderingServiceProperties,mongodb.ShipmentDetails,1
PostgresqlProperties,PropertyHelper,1
PostgresqlProperties,SimpleCORSFilter,1
PostgresqlProperties,TestPath,1
PostgresqlProperties,Utility,1
PostgresqlProperties,CatalogController,1
PostgresqlProperties,DealerController,0.333333333
PostgresqlProperties,OrderController,1
PostgresqlProperties,PingController,1
PostgresqlProperties,QuoteController,1
PostgresqlProperties,ShipmentController,1
PostgresqlProperties,CatalogItem,1
PostgresqlProperties,DealerInfo,1
PostgresqlProperties,Delivery,1
PostgresqlProperties,DeliveryAddress,1
PostgresqlProperties,Order,1
PostgresqlProperties,OrderEventInfo,1
PostgresqlProperties,OrderStatus,1
PostgresqlProperties,OrderUpdateInfo,1
PostgresqlProperties,PhoneInfo,1
PostgresqlProperties,Quote,1
PostgresqlProperties,QuoteItemInfo,1
PostgresqlProperties,ShipmentEventInfo,1
PostgresqlProperties,ShipmentRecord,1
PostgresqlProperties,CatalogItemsRepository,1
PostgresqlProperties,DealersRepository,1
PostgresqlProperties,OrderRepository,1
PostgresqlProperties,QuoteRepository,1
PostgresqlProperties,RepositoryFactory,1
PostgresqlProperties,ShipmentRepository,1
PostgresqlProperties,mongodb.MongoCatalogItemsRepository,1
PostgresqlProperties,mongodb.MongoDealersRepository,1
PostgresqlProperties,mongodb.MongoOperationsWithRetry,0.5
PostgresqlProperties,mongodb.MongoOrderRepository,1
PostgresqlProperties,mongodb.MongoQuoteRepository,1
PostgresqlProperties,mongodb.MongoShipmentRepository,1
PostgresqlProperties,mongodb.CatalogItem,1
PostgresqlProperties,mongodb.Dealer,1
PostgresqlProperties,mongodb.OrderDetails,1
PostgresqlProperties,mongodb.QuoteDetails,1
PostgresqlProperties,mongodb.ShipmentDetails,1
PropertyHelper,SimpleCORSFilter,1
PropertyHelper,TestPath,1
PropertyHelper,Utility,1
PropertyHelper,CatalogController,1
PropertyHelper,DealerController,0.333333333
PropertyHelper,OrderController,1
PropertyHelper,PingController,1
PropertyHelper,QuoteController,1
PropertyHelper,ShipmentController,1
PropertyHelper,CatalogItem,1
PropertyHelper,DealerInfo,1
PropertyHelper,Delivery,1
PropertyHelper,DeliveryAddress,1
PropertyHelper,Order,1
PropertyHelper,OrderEventInfo,1
PropertyHelper,OrderStatus,1
PropertyHelper,OrderUpdateInfo,1
PropertyHelper,PhoneInfo,1
PropertyHelper,Quote,1
PropertyHelper,QuoteItemInfo,1
PropertyHelper,ShipmentEventInfo,1
PropertyHelper,ShipmentRecord,1
PropertyHelper,CatalogItemsRepository,1
PropertyHelper,DealersRepository,1
PropertyHelper,OrderRepository,1
PropertyHelper,QuoteRepository,1
PropertyHelper,RepositoryFactory,1
PropertyHelper,ShipmentRepository,1
PropertyHelper,mongodb.MongoCatalogItemsRepository,1
PropertyHelper,mongodb.MongoDealersRepository,1
PropertyHelper,mongodb.MongoOperationsWithRetry,0.5
PropertyHelper,mongodb.MongoOrderRepository,1
PropertyHelper,mongodb.MongoQuoteRepository,1
PropertyHelper,mongodb.MongoShipmentRepository,1
PropertyHelper,mongodb.CatalogItem,1
PropertyHelper,mongodb.Dealer,1
PropertyHelper,mongodb.OrderDetails,1
PropertyHelper,mongodb.QuoteDetails,1
PropertyHelper,mongodb.ShipmentDetails,1
SimpleCORSFilter,TestPath,1
SimpleCORSFilter,Utility,1
SimpleCORSFilter,CatalogController,1
SimpleCORSFilter,DealerController,0.333333333
SimpleCORSFilter,OrderController,1
SimpleCORSFilter,PingController,1
SimpleCORSFilter,QuoteController,1
SimpleCORSFilter,ShipmentController,1
SimpleCORSFilter,CatalogItem,1
SimpleCORSFilter,DealerInfo,1
SimpleCORSFilter,Delivery,1
SimpleCORSFilter,DeliveryAddress,1
SimpleCORSFilter,Order,1
SimpleCORSFilter,OrderEventInfo,1
SimpleCORSFilter,OrderStatus,1
SimpleCORSFilter,OrderUpdateInfo,1
SimpleCORSFilter,PhoneInfo,1
SimpleCORSFilter,Quote,1
SimpleCORSFilter,QuoteItemInfo,1
SimpleCORSFilter,ShipmentEventInfo,1
SimpleCORSFilter,ShipmentRecord,1
SimpleCORSFilter,CatalogItemsRepository,1
SimpleCORSFilter,DealersRepository,1
SimpleCORSFilter,OrderRepository,1
SimpleCORSFilter,QuoteRepository,1
SimpleCORSFilter,RepositoryFactory,1
SimpleCORSFilter,ShipmentRepository,1
SimpleCORSFilter,mongodb.MongoCatalogItemsRepository,1
SimpleCORSFilter,mongodb.MongoDealersRepository,1
SimpleCORSFilter,mongodb.MongoOperationsWithRetry,0.5
SimpleCORSFilter,mongodb.MongoOrderRepository,1
SimpleCORSFilter,mongodb.MongoQuoteRepository,1
SimpleCORSFilter,mongodb.MongoShipmentRepository,1
SimpleCORSFilter,mongodb.CatalogItem,1
SimpleCORSFilter,mongodb.Dealer,1
SimpleCORSFilter,mongodb.OrderDetails,1
SimpleCORSFilter,mongodb.QuoteDetails,1
SimpleCORSFilter,mongodb.ShipmentDetails,1
TestPath,Utility,1
TestPath,CatalogController,1
TestPath,DealerController,0.333333333
TestPath,OrderController,1
TestPath,PingController,1
TestPath,QuoteController,1
TestPath,ShipmentController,1
TestPath,CatalogItem,1
TestPath,DealerInfo,1
TestPath,Delivery,1
TestPath,DeliveryAddress,1
TestPath,Order,1
TestPath,OrderEventInfo,1
TestPath,OrderStatus,1
TestPath,OrderUpdateInfo,1
TestPath,PhoneInfo,1
TestPath,Quote,1
TestPath,QuoteItemInfo,1
TestPath,ShipmentEventInfo,1
TestPath,ShipmentRecord,1
TestPath,CatalogItemsRepository,1
TestPath,DealersRepository,1
TestPath,OrderRepository,1
TestPath,QuoteRepository,1
TestPath,RepositoryFactory,1
TestPath,ShipmentRepository,1
TestPath,mongodb.MongoCatalogItemsRepository,1
TestPath,mongodb.MongoDealersRepository,1
TestPath,mongodb.MongoOperationsWithRetry,0.5
TestPath,mongodb.MongoOrderRepository,1
TestPath,mongodb.MongoQuoteRepository,1
TestPath,mongodb.MongoShipmentRepository,1
TestPath,mongodb.CatalogItem,1
TestPath,mongodb.Dealer,1
TestPath,mongodb.OrderDetails,1
TestPath,mongodb.QuoteDetails,1
TestPath,mongodb.ShipmentDetails,1
Utility,CatalogController,1
Utility,DealerController,0.333333333
Utility,OrderController,1
Utility,PingController,1
Utility,QuoteController,1
Utility,ShipmentController,1
Utility,CatalogItem,1
Utility,DealerInfo,1
Utility,Delivery,1
Utility,DeliveryAddress,1
Utility,Order,1
Utility,OrderEventInfo,1
Utility,OrderStatus,1
Utility,OrderUpdateInfo,1
Utility,PhoneInfo,1
Utility,Quote,1
Utility,QuoteItemInfo,1
Utility,ShipmentEventInfo,1
Utility,ShipmentRecord,1
Utility,CatalogItemsRepository,1
Utility,DealersRepository,1
Utility,OrderRepository,1
Utility,QuoteRepository,1
Utility,RepositoryFactory,1
Utility,ShipmentRepository,1
Utility,mongodb.MongoCatalogItemsRepository,1
Utility,mongodb.MongoDealersRepository,1
Utility,mongodb.MongoOperationsWithRetry,0.5
Utility,mongodb.MongoOrderRepository,1
Utility,mongodb.MongoQuoteRepository,1
Utility,mongodb.MongoShipmentRepository,1
Utility,mongodb.CatalogItem,1
Utility,mongodb.Dealer,1
Utility,mongodb.OrderDetails,1
Utility,mongodb.QuoteDetails,1
Utility,mongodb.ShipmentDetails,1
CatalogController,DealerController,0.333333333
CatalogController,OrderController,1
CatalogController,PingController,1
CatalogController,QuoteController,1
CatalogController,ShipmentController,1
CatalogController,CatalogItem,1
CatalogController,DealerInfo,1
CatalogController,Delivery,1
CatalogController,DeliveryAddress,1
CatalogController,Order,1
CatalogController,OrderEventInfo,1
CatalogController,OrderStatus,1
CatalogController,OrderUpdateInfo,1
CatalogController,PhoneInfo,1
CatalogController,Quote,1
CatalogController,QuoteItemInfo,1
CatalogController,ShipmentEventInfo,1
CatalogController,ShipmentRecord,1
CatalogController,CatalogItemsRepository,1
CatalogController,DealersRepository,1
CatalogController,OrderRepository,1
CatalogController,QuoteRepository,1
CatalogController,RepositoryFactory,1
CatalogController,ShipmentRepository,1
CatalogController,mongodb.MongoCatalogItemsRepository,1
CatalogController,mongodb.MongoDealersRepository,1
CatalogController,mongodb.MongoOperationsWithRetry,0.5
CatalogController,mongodb.MongoOrderRepository,1
CatalogController,mongodb.MongoQuoteRepository,1
CatalogController,mongodb.MongoShipmentRepository,1
CatalogController,mongodb.CatalogItem,1
CatalogController,mongodb.Dealer,1
CatalogController,mongodb.OrderDetails,1
CatalogController,mongodb.QuoteDetails,1
CatalogController,mongodb.ShipmentDetails,1
DealerController,OrderController,0.333333333
DealerController,PingController,0.333333333
DealerController,QuoteController,0.333333333
DealerController,ShipmentController,0.333333333
DealerController,CatalogItem,0.333333333
DealerController,DealerInfo,0.333333333
DealerController,Delivery,0.333333333
DealerController,DeliveryAddress,0.333333333
DealerController,Order,0.333333333
DealerController,OrderEventInfo,0.333333333
DealerController,OrderStatus,0.333333333
DealerController,OrderUpdateInfo,0.333333333
DealerController,PhoneInfo,0.333333333
DealerController,Quote,0.333333333
DealerController,QuoteItemInfo,0.333333333
DealerController,ShipmentEventInfo,0.333333333
DealerController,ShipmentRecord,0.333333333
DealerController,CatalogItemsRepository,0.333333333
DealerController,DealersRepository,0.333333333
DealerController,OrderRepository,0.333333333
DealerController,QuoteRepository,0.333333333
DealerController,RepositoryFactory,0.333333333
DealerController,ShipmentRepository,0.333333333
DealerController,mongodb.MongoCatalogItemsRepository,0.333333333
DealerController,mongodb.MongoDealersRepository,0.333333333
DealerController,mongodb.MongoOperationsWithRetry,0.428571429
DealerController,mongodb.MongoOrderRepository,0.333333333
DealerController,mongodb.MongoQuoteRepository,0.333333333
DealerController,mongodb.MongoShipmentRepository,0.333333333
DealerController,mongodb.CatalogItem,0.333333333
DealerController,mongodb.Dealer,0.333333333
DealerController,mongodb.OrderDetails,0.333333333
DealerController,mongodb.QuoteDetails,0.333333333
DealerController,mongodb.ShipmentDetails,0.333333333
OrderController,PingController,1
OrderController,QuoteController,1
OrderController,ShipmentController,1
OrderController,CatalogItem,1
OrderController,DealerInfo,1
OrderController,Delivery,1
OrderController,DeliveryAddress,1
OrderController,Order,1
OrderController,OrderEventInfo,1
OrderController,OrderStatus,1
OrderController,OrderUpdateInfo,1
OrderController,PhoneInfo,1
OrderController,Quote,1
OrderController,QuoteItemInfo,1
OrderController,ShipmentEventInfo,1
OrderController,ShipmentRecord,1
OrderController,CatalogItemsRepository,1
OrderController,DealersRepository,1
OrderController,OrderRepository,1
OrderController,QuoteRepository,1
OrderController,RepositoryFactory,1
OrderController,ShipmentRepository,1
OrderController,mongodb.MongoCatalogItemsRepository,1
OrderController,mongodb.MongoDealersRepository,1
OrderController,mongodb.MongoOperationsWithRetry,0.5
OrderController,mongodb.MongoOrderRepository,1
OrderController,mongodb.MongoQuoteRepository,1
OrderController,mongodb.MongoShipmentRepository,1
OrderController,mongodb.CatalogItem,1
OrderController,mongodb.Dealer,1
OrderController,mongodb.OrderDetails,1
OrderController,mongodb.QuoteDetails,1
OrderController,mongodb.ShipmentDetails,1
PingController,QuoteController,1
PingController,ShipmentController,1
PingController,CatalogItem,1
PingController,DealerInfo,1
PingController,Delivery,1
PingController,DeliveryAddress,1
PingController,Order,1
PingController,OrderEventInfo,1
PingController,OrderStatus,1
PingController,OrderUpdateInfo,1
PingController,PhoneInfo,1
PingController,Quote,1
PingController,QuoteItemInfo,1
PingController,ShipmentEventInfo,1
PingController,ShipmentRecord,1
PingController,CatalogItemsRepository,1
PingController,DealersRepository,1
PingController,OrderRepository,1
PingController,QuoteRepository,1
PingController,RepositoryFactory,1
PingController,ShipmentRepository,1
PingController,mongodb.MongoCatalogItemsRepository,1
PingController,mongodb.MongoDealersRepository,1
PingController,mongodb.MongoOperationsWithRetry,0.5
PingController,mongodb.MongoOrderRepository,1
PingController,mongodb.MongoQuoteRepository,1
PingController,mongodb.MongoShipmentRepository,1
PingController,mongodb.CatalogItem,1
PingController,mongodb.Dealer,1
PingController,mongodb.OrderDetails,1
PingController,mongodb.QuoteDetails,1
PingController,mongodb.ShipmentDetails,1
QuoteController,ShipmentController,1
QuoteController,CatalogItem,1
QuoteController,DealerInfo,1
QuoteController,Delivery,1
QuoteController,DeliveryAddress,1
QuoteController,Order,1
QuoteController,OrderEventInfo,1
QuoteController,OrderStatus,1
QuoteController,OrderUpdateInfo,1
QuoteController,PhoneInfo,1
QuoteController,Quote,1
QuoteController,QuoteItemInfo,1
QuoteController,ShipmentEventInfo,1
QuoteController,ShipmentRecord,1
QuoteController,CatalogItemsRepository,1
QuoteController,DealersRepository,1
QuoteController,OrderRepository,1
QuoteController,QuoteRepository,1
QuoteController,RepositoryFactory,1
QuoteController,ShipmentRepository,1
QuoteController,mongodb.MongoCatalogItemsRepository,1
QuoteController,mongodb.MongoDealersRepository,1
QuoteController,mongodb.MongoOperationsWithRetry,0.5
QuoteController,mongodb.MongoOrderRepository,1
QuoteController,mongodb.MongoQuoteRepository,1
QuoteController,mongodb.MongoShipmentRepository,1
QuoteController,mongodb.CatalogItem,1
QuoteController,mongodb.Dealer,1
QuoteController,mongodb.OrderDetails,1
QuoteController,mongodb.QuoteDetails,1
QuoteController,mongodb.ShipmentDetails,1
ShipmentController,CatalogItem,1
ShipmentController,DealerInfo,1
ShipmentController,Delivery,1
ShipmentController,DeliveryAddress,1
ShipmentController,Order,1
ShipmentController,OrderEventInfo,1
ShipmentController,OrderStatus,1
ShipmentController,OrderUpdateInfo,1
ShipmentController,PhoneInfo,1
ShipmentController,Quote,1
ShipmentController,QuoteItemInfo,1
ShipmentController,ShipmentEventInfo,1
ShipmentController,ShipmentRecord,1
ShipmentController,CatalogItemsRepository,1
ShipmentController,DealersRepository,1
ShipmentController,OrderRepository,1
ShipmentController,QuoteRepository,1
ShipmentController,RepositoryFactory,1
ShipmentController,ShipmentRepository,1
ShipmentController,mongodb.MongoCatalogItemsRepository,1
ShipmentController,mongodb.MongoDealersRepository,1
ShipmentController,mongodb.MongoOperationsWithRetry,0.5
ShipmentController,mongodb.MongoOrderRepository,1
ShipmentController,mongodb.MongoQuoteRepository,1
ShipmentController,mongodb.MongoShipmentRepository,1
ShipmentController,mongodb.CatalogItem,1
ShipmentController,mongodb.Dealer,1
ShipmentController,mongodb.OrderDetails,1
ShipmentController,mongodb.QuoteDetails,1
ShipmentController,mongodb.ShipmentDetails,1
CatalogItem,DealerInfo,1
CatalogItem,Delivery,1
CatalogItem,DeliveryAddress,1
CatalogItem,Order,1
CatalogItem,OrderEventInfo,1
CatalogItem,OrderStatus,1
CatalogItem,OrderUpdateInfo,1
CatalogItem,PhoneInfo,1
CatalogItem,Quote,1
CatalogItem,QuoteItemInfo,1
CatalogItem,ShipmentEventInfo,1
CatalogItem,ShipmentRecord,1
CatalogItem,CatalogItemsRepository,1
CatalogItem,DealersRepository,1
CatalogItem,OrderRepository,1
CatalogItem,QuoteRepository,1
CatalogItem,RepositoryFactory,1
CatalogItem,ShipmentRepository,1
CatalogItem,mongodb.MongoCatalogItemsRepository,1
CatalogItem,mongodb.MongoDealersRepository,1
CatalogItem,mongodb.MongoOperationsWithRetry,0.5
CatalogItem,mongodb.MongoOrderRepository,1
CatalogItem,mongodb.MongoQuoteRepository,1
CatalogItem,mongodb.MongoShipmentRepository,1
CatalogItem,mongodb.CatalogItem,1
CatalogItem,mongodb.Dealer,1
CatalogItem,mongodb.OrderDetails,1
CatalogItem,mongodb.QuoteDetails,1
CatalogItem,mongodb.ShipmentDetails,1
DealerInfo,Delivery,1
DealerInfo,DeliveryAddress,1
DealerInfo,Order,1
DealerInfo,OrderEventInfo,1
DealerInfo,OrderStatus,1
DealerInfo,OrderUpdateInfo,1
DealerInfo,PhoneInfo,1
DealerInfo,Quote,1
DealerInfo,QuoteItemInfo,1
DealerInfo,ShipmentEventInfo,1
DealerInfo,ShipmentRecord,1
DealerInfo,CatalogItemsRepository,1
DealerInfo,DealersRepository,1
DealerInfo,OrderRepository,1
DealerInfo,QuoteRepository,1
DealerInfo,RepositoryFactory,1
DealerInfo,ShipmentRepository,1
DealerInfo,mongodb.MongoCatalogItemsRepository,1
DealerInfo,mongodb.MongoDealersRepository,1
DealerInfo,mongodb.MongoOperationsWithRetry,0.5
DealerInfo,mongodb.MongoOrderRepository,1
DealerInfo,mongodb.MongoQuoteRepository,1
DealerInfo,mongodb.MongoShipmentRepository,1
DealerInfo,mongodb.CatalogItem,1
DealerInfo,mongodb.Dealer,1
DealerInfo,mongodb.OrderDetails,1
DealerInfo,mongodb.QuoteDetails,1
DealerInfo,mongodb.ShipmentDetails,1
Delivery,DeliveryAddress,1
Delivery,Order,1
Delivery,OrderEventInfo,1
Delivery,OrderStatus,1
Delivery,OrderUpdateInfo,1
Delivery,PhoneInfo,1
Delivery,Quote,1
Delivery,QuoteItemInfo,1
Delivery,ShipmentEventInfo,1
Delivery,ShipmentRecord,1
Delivery,CatalogItemsRepository,1
Delivery,DealersRepository,1
Delivery,OrderRepository,1
Delivery,QuoteRepository,1
Delivery,RepositoryFactory,1
Delivery,ShipmentRepository,1
Delivery,mongodb.MongoCatalogItemsRepository,1
Delivery,mongodb.MongoDealersRepository,1
Delivery,mongodb.MongoOperationsWithRetry,0.5
Delivery,mongodb.MongoOrderRepository,1
Delivery,mongodb.MongoQuoteRepository,1
Delivery,mongodb.MongoShipmentRepository,1
Delivery,mongodb.CatalogItem,1
Delivery,mongodb.Dealer,1
Delivery,mongodb.OrderDetails,1
Delivery,mongodb.QuoteDetails,1
Delivery,mongodb.ShipmentDetails,1
DeliveryAddress,Order,1
DeliveryAddress,OrderEventInfo,1
DeliveryAddress,OrderStatus,1
DeliveryAddress,OrderUpdateInfo,1
DeliveryAddress,PhoneInfo,1
DeliveryAddress,Quote,1
DeliveryAddress,QuoteItemInfo,1
DeliveryAddress,ShipmentEventInfo,1
DeliveryAddress,ShipmentRecord,1
DeliveryAddress,CatalogItemsRepository,1
DeliveryAddress,DealersRepository,1
DeliveryAddress,OrderRepository,1
DeliveryAddress,QuoteRepository,1
DeliveryAddress,RepositoryFactory,1
DeliveryAddress,ShipmentRepository,1
DeliveryAddress,mongodb.MongoCatalogItemsRepository,1
DeliveryAddress,mongodb.MongoDealersRepository,1
DeliveryAddress,mongodb.MongoOperationsWithRetry,0.5
DeliveryAddress,mongodb.MongoOrderRepository,1
DeliveryAddress,mongodb.MongoQuoteRepository,1
DeliveryAddress,mongodb.MongoShipmentRepository,1
DeliveryAddress,mongodb.CatalogItem,1
DeliveryAddress,mongodb.Dealer,1
DeliveryAddress,mongodb.OrderDetails,1
DeliveryAddress,mongodb.QuoteDetails,1
DeliveryAddress,mongodb.ShipmentDetails,1
Order,OrderEventInfo,1
Order,OrderStatus,1
Order,OrderUpdateInfo,1
Order,PhoneInfo,1
Order,Quote,1
Order,QuoteItemInfo,1
Order,ShipmentEventInfo,1
Order,ShipmentRecord,1
Order,CatalogItemsRepository,1
Order,DealersRepository,1
Order,OrderRepository,1
Order,QuoteRepository,1
Order,RepositoryFactory,1
Order,ShipmentRepository,1
Order,mongodb.MongoCatalogItemsRepository,1
Order,mongodb.MongoDealersRepository,1
Order,mongodb.MongoOperationsWithRetry,0.5
Order,mongodb.MongoOrderRepository,1
Order,mongodb.MongoQuoteRepository,1
Order,mongodb.MongoShipmentRepository,1
Order,mongodb.CatalogItem,1
Order,mongodb.Dealer,1
Order,mongodb.OrderDetails,1
Order,mongodb.QuoteDetails,1
Order,mongodb.ShipmentDetails,1
OrderEventInfo,OrderStatus,1
OrderEventInfo,OrderUpdateInfo,1
OrderEventInfo,PhoneInfo,1
OrderEventInfo,Quote,1
OrderEventInfo,QuoteItemInfo,1
OrderEventInfo,ShipmentEventInfo,1
OrderEventInfo,ShipmentRecord,1
OrderEventInfo,CatalogItemsRepository,1
OrderEventInfo,DealersRepository,1
OrderEventInfo,OrderRepository,1
OrderEventInfo,QuoteRepository,1
OrderEventInfo,RepositoryFactory,1
OrderEventInfo,ShipmentRepository,1
OrderEventInfo,mongodb.MongoCatalogItemsRepository,1
OrderEventInfo,mongodb.MongoDealersRepository,1
OrderEventInfo,mongodb.MongoOperationsWithRetry,0.5
OrderEventInfo,mongodb.MongoOrderRepository,1
OrderEventInfo,mongodb.MongoQuoteRepository,1
OrderEventInfo,mongodb.MongoShipmentRepository,1
OrderEventInfo,mongodb.CatalogItem,1
OrderEventInfo,mongodb.Dealer,1
OrderEventInfo,mongodb.OrderDetails,1
OrderEventInfo,mongodb.QuoteDetails,1
OrderEventInfo,mongodb.ShipmentDetails,1
OrderStatus,OrderUpdateInfo,1
OrderStatus,PhoneInfo,1
OrderStatus,Quote,1
OrderStatus,QuoteItemInfo,1
OrderStatus,ShipmentEventInfo,1
OrderStatus,ShipmentRecord,1
OrderStatus,CatalogItemsRepository,1
OrderStatus,DealersRepository,1
OrderStatus,OrderRepository,1
OrderStatus,QuoteRepository,1
OrderStatus,RepositoryFactory,1
OrderStatus,ShipmentRepository,1
OrderStatus,mongodb.MongoCatalogItemsRepository,1
OrderStatus,mongodb.MongoDealersRepository,1
OrderStatus,mongodb.MongoOperationsWithRetry,0.5
OrderStatus,mongodb.MongoOrderRepository,1
OrderStatus,mongodb.MongoQuoteRepository,1
OrderStatus,mongodb.MongoShipmentRepository,1
OrderStatus,mongodb.CatalogItem,1
OrderStatus,mongodb.Dealer,1
OrderStatus,mongodb.OrderDetails,1
OrderStatus,mongodb.QuoteDetails,1
OrderStatus,mongodb.ShipmentDetails,1
OrderUpdateInfo,PhoneInfo,1
OrderUpdateInfo,Quote,1
OrderUpdateInfo,QuoteItemInfo,1
OrderUpdateInfo,ShipmentEventInfo,1
OrderUpdateInfo,ShipmentRecord,1
OrderUpdateInfo,CatalogItemsRepository,1
OrderUpdateInfo,DealersRepository,1
OrderUpdateInfo,OrderRepository,1
OrderUpdateInfo,QuoteRepository,1
OrderUpdateInfo,RepositoryFactory,1
OrderUpdateInfo,ShipmentRepository,1
OrderUpdateInfo,mongodb.MongoCatalogItemsRepository,1
OrderUpdateInfo,mongodb.MongoDealersRepository,1
OrderUpdateInfo,mongodb.MongoOperationsWithRetry,0.5
OrderUpdateInfo,mongodb.MongoOrderRepository,1
OrderUpdateInfo,mongodb.MongoQuoteRepository,1
OrderUpdateInfo,mongodb.MongoShipmentRepository,1
OrderUpdateInfo,mongodb.CatalogItem,1
OrderUpdateInfo,mongodb.Dealer,1
OrderUpdateInfo,mongodb.OrderDetails,1
OrderUpdateInfo,mongodb.QuoteDetails,1
OrderUpdateInfo,mongodb.ShipmentDetails,1
PhoneInfo,Quote,1
PhoneInfo,QuoteItemInfo,1
PhoneInfo,ShipmentEventInfo,1
PhoneInfo,ShipmentRecord,1
PhoneInfo,CatalogItemsRepository,1
PhoneInfo,DealersRepository,1
PhoneInfo,OrderRepository,1
PhoneInfo,QuoteRepository,1
PhoneInfo,RepositoryFactory,1
PhoneInfo,ShipmentRepository,1
PhoneInfo,mongodb.MongoCatalogItemsRepository,1
PhoneInfo,mongodb.MongoDealersRepository,1
PhoneInfo,mongodb.MongoOperationsWithRetry,0.5
PhoneInfo,mongodb.MongoOrderRepository,1
PhoneInfo,mongodb.MongoQuoteRepository,1
PhoneInfo,mongodb.MongoShipmentRepository,1
PhoneInfo,mongodb.CatalogItem,1
PhoneInfo,mongodb.Dealer,1
PhoneInfo,mongodb.OrderDetails,1
PhoneInfo,mongodb.QuoteDetails,1
PhoneInfo,mongodb.ShipmentDetails,1
Quote,QuoteItemInfo,1
Quote,ShipmentEventInfo,1
Quote,ShipmentRecord,1
Quote,CatalogItemsRepository,1
Quote,DealersRepository,1
Quote,OrderRepository,1
Quote,QuoteRepository,1
Quote,RepositoryFactory,1
Quote,ShipmentRepository,1
Quote,mongodb.MongoCatalogItemsRepository,1
Quote,mongodb.MongoDealersRepository,1
Quote,mongodb.MongoOperationsWithRetry,0.5
Quote,mongodb.MongoOrderRepository,1
Quote,mongodb.MongoQuoteRepository,1
Quote,mongodb.MongoShipmentRepository,1
Quote,mongodb.CatalogItem,1
Quote,mongodb.Dealer,1
Quote,mongodb.OrderDetails,1
Quote,mongodb.QuoteDetails,1
Quote,mongodb.ShipmentDetails,1
QuoteItemInfo,ShipmentEventInfo,1
QuoteItemInfo,ShipmentRecord,1
QuoteItemInfo,CatalogItemsRepository,1
QuoteItemInfo,DealersRepository,1
QuoteItemInfo,OrderRepository,1
QuoteItemInfo,QuoteRepository,1
QuoteItemInfo,RepositoryFactory,1
QuoteItemInfo,ShipmentRepository,1
QuoteItemInfo,mongodb.MongoCatalogItemsRepository,1
QuoteItemInfo,mongodb.MongoDealersRepository,1
QuoteItemInfo,mongodb.MongoOperationsWithRetry,0.5
QuoteItemInfo,mongodb.MongoOrderRepository,1
QuoteItemInfo,mongodb.MongoQuoteRepository,1
QuoteItemInfo,mongodb.MongoShipmentRepository,1
QuoteItemInfo,mongodb.CatalogItem,1
QuoteItemInfo,mongodb.Dealer,1
QuoteItemInfo,mongodb.OrderDetails,1
QuoteItemInfo,mongodb.QuoteDetails,1
QuoteItemInfo,mongodb.ShipmentDetails,1
ShipmentEventInfo,ShipmentRecord,1
ShipmentEventInfo,CatalogItemsRepository,1
ShipmentEventInfo,DealersRepository,1
ShipmentEventInfo,OrderRepository,1
ShipmentEventInfo,QuoteRepository,1
ShipmentEventInfo,RepositoryFactory,1
ShipmentEventInfo,ShipmentRepository,1
ShipmentEventInfo,mongodb.MongoCatalogItemsRepository,1
ShipmentEventInfo,mongodb.MongoDealersRepository,1
ShipmentEventInfo,mongodb.MongoOperationsWithRetry,0.5
ShipmentEventInfo,mongodb.MongoOrderRepository,1
ShipmentEventInfo,mongodb.MongoQuoteRepository,1
ShipmentEventInfo,mongodb.MongoShipmentRepository,1
ShipmentEventInfo,mongodb.CatalogItem,1
ShipmentEventInfo,mongodb.Dealer,1
ShipmentEventInfo,mongodb.OrderDetails,1
ShipmentEventInfo,mongodb.QuoteDetails,1
ShipmentEventInfo,mongodb.ShipmentDetails,1
ShipmentRecord,CatalogItemsRepository,1
ShipmentRecord,DealersRepository,1
ShipmentRecord,OrderRepository,1
ShipmentRecord,QuoteRepository,1
ShipmentRecord,RepositoryFactory,1
ShipmentRecord,ShipmentRepository,1
ShipmentRecord,mongodb.MongoCatalogItemsRepository,1
ShipmentRecord,mongodb.MongoDealersRepository,1
ShipmentRecord,mongodb.MongoOperationsWithRetry,0.5
ShipmentRecord,mongodb.MongoOrderRepository,1
ShipmentRecord,mongodb.MongoQuoteRepository,1
ShipmentRecord,mongodb.MongoShipmentRepository,1
ShipmentRecord,mongodb.CatalogItem,1
ShipmentRecord,mongodb.Dealer,1
ShipmentRecord,mongodb.OrderDetails,1
ShipmentRecord,mongodb.QuoteDetails,1
ShipmentRecord,mongodb.ShipmentDetails,1
CatalogItemsRepository,DealersRepository,1
CatalogItemsRepository,OrderRepository,1
CatalogItemsRepository,QuoteRepository,1
CatalogItemsRepository,RepositoryFactory,1
CatalogItemsRepository,ShipmentRepository,1
CatalogItemsRepository,mongodb.MongoCatalogItemsRepository,1
CatalogItemsRepository,mongodb.MongoDealersRepository,1
CatalogItemsRepository,mongodb.MongoOperationsWithRetry,0.5
CatalogItemsRepository,mongodb.MongoOrderRepository,1
CatalogItemsRepository,mongodb.MongoQuoteRepository,1
CatalogItemsRepository,mongodb.MongoShipmentRepository,1
CatalogItemsRepository,mongodb.CatalogItem,1
CatalogItemsRepository,mongodb.Dealer,1
CatalogItemsRepository,mongodb.OrderDetails,1
CatalogItemsRepository,mongodb.QuoteDetails,1
CatalogItemsRepository,mongodb.ShipmentDetails,1
DealersRepository,OrderRepository,1
DealersRepository,QuoteRepository,1
DealersRepository,RepositoryFactory,1
DealersRepository,ShipmentRepository,1
DealersRepository,mongodb.MongoCatalogItemsRepository,1
DealersRepository,mongodb.MongoDealersRepository,1
DealersRepository,mongodb.MongoOperationsWithRetry,0.5
DealersRepository,mongodb.MongoOrderRepository,1
DealersRepository,mongodb.MongoQuoteRepository,1
DealersRepository,mongodb.MongoShipmentRepository,1
DealersRepository,mongodb.CatalogItem,1
DealersRepository,mongodb.Dealer,1
DealersRepository,mongodb.OrderDetails,1
DealersRepository,mongodb.QuoteDetails,1
DealersRepository,mongodb.ShipmentDetails,1
OrderRepository,QuoteRepository,1
OrderRepository,RepositoryFactory,1
OrderRepository,ShipmentRepository,1
OrderRepository,mongodb.MongoCatalogItemsRepository,1
OrderRepository,mongodb.MongoDealersRepository,1
OrderRepository,mongodb.MongoOperationsWithRetry,0.5
OrderRepository,mongodb.MongoOrderRepository,1
OrderRepository,mongodb.MongoQuoteRepository,1
OrderRepository,mongodb.MongoShipmentRepository,1
OrderRepository,mongodb.CatalogItem,1
OrderRepository,mongodb.Dealer,1
OrderRepository,mongodb.OrderDetails,1
OrderRepository,mongodb.QuoteDetails,1
OrderRepository,mongodb.ShipmentDetails,1
QuoteRepository,RepositoryFactory,1
QuoteRepository,ShipmentRepository,1
QuoteRepository,mongodb.MongoCatalogItemsRepository,1
QuoteRepository,mongodb.MongoDealersRepository,1
QuoteRepository,mongodb.MongoOperationsWithRetry,0.5
QuoteRepository,mongodb.MongoOrderRepository,1
QuoteRepository,mongodb.MongoQuoteRepository,1
QuoteRepository,mongodb.MongoShipmentRepository,1
QuoteRepository,mongodb.CatalogItem,1
QuoteRepository,mongodb.Dealer,1
QuoteRepository,mongodb.OrderDetails,1
QuoteRepository,mongodb.QuoteDetails,1
QuoteRepository,mongodb.ShipmentDetails,1
RepositoryFactory,ShipmentRepository,1
RepositoryFactory,mongodb.MongoCatalogItemsRepository,1
RepositoryFactory,mongodb.MongoDealersRepository,1
RepositoryFactory,mongodb.MongoOperationsWithRetry,0.5
RepositoryFactory,mongodb.MongoOrderRepository,1
RepositoryFactory,mongodb.MongoQuoteRepository,1
RepositoryFactory,mongodb.MongoShipmentRepository,1
RepositoryFactory,mongodb.CatalogItem,1
RepositoryFactory,mongodb.Dealer,1
RepositoryFactory,mongodb.OrderDetails,1
RepositoryFactory,mongodb.QuoteDetails,1
RepositoryFactory,mongodb.ShipmentDetails,1
ShipmentRepository,mongodb.MongoCatalogItemsRepository,1
ShipmentRepository,mongodb.MongoDealersRepository,1
ShipmentRepository,mongodb.MongoOperationsWithRetry,0.5
ShipmentRepository,mongodb.MongoOrderRepository,1
ShipmentRepository,mongodb.MongoQuoteRepository,1
ShipmentRepository,mongodb.MongoShipmentRepository,1
ShipmentRepository,mongodb.CatalogItem,1
ShipmentRepository,mongodb.Dealer,1
ShipmentRepository,mongodb.OrderDetails,1
ShipmentRepository,mongodb.QuoteDetails,1
ShipmentRepository,mongodb.ShipmentDetails,1
mongodb.MongoCatalogItemsRepository,mongodb.MongoDealersRepository,1
mongodb.MongoCatalogItemsRepository,mongodb.MongoOperationsWithRetry,0.5
mongodb.MongoCatalogItemsRepository,mongodb.MongoOrderRepository,1
mongodb.MongoCatalogItemsRepository,mongodb.MongoQuoteRepository,1
mongodb.MongoCatalogItemsRepository,mongodb.MongoShipmentRepository,1
mongodb.MongoCatalogItemsRepository,mongodb.CatalogItem,1
mongodb.MongoCatalogItemsRepository,mongodb.Dealer,1
mongodb.MongoCatalogItemsRepository,mongodb.OrderDetails,1
mongodb.MongoCatalogItemsRepository,mongodb.QuoteDetails,1
mongodb.MongoCatalogItemsRepository,mongodb.ShipmentDetails,1
mongodb.MongoDealersRepository,mongodb.MongoOperationsWithRetry,0.5
mongodb.MongoDealersRepository,mongodb.MongoOrderRepository,1
mongodb.MongoDealersRepository,mongodb.MongoQuoteRepository,1
mongodb.MongoDealersRepository,mongodb.MongoShipmentRepository,1
mongodb.MongoDealersRepository,mongodb.CatalogItem,1
mongodb.MongoDealersRepository,mongodb.Dealer,1
mongodb.MongoDealersRepository,mongodb.OrderDetails,1
mongodb.MongoDealersRepository,mongodb.QuoteDetails,1
mongodb.MongoDealersRepository,mongodb.ShipmentDetails,1
mongodb.MongoOperationsWithRetry,mongodb.MongoOrderRepository,0.5
mongodb.MongoOperationsWithRetry,mongodb.MongoQuoteRepository,0.5
mongodb.MongoOperationsWithRetry,mongodb.MongoShipmentRepository,0.5
mongodb.MongoOperationsWithRetry,mongodb.CatalogItem,0.5
mongodb.MongoOperationsWithRetry,mongodb.Dealer,0.5
mongodb.MongoOperationsWithRetry,mongodb.OrderDetails,0.5
mongodb.MongoOperationsWithRetry,mongodb.QuoteDetails,0.5
mongodb.MongoOperationsWithRetry,mongodb.ShipmentDetails,0.5
mongodb.MongoOrderRepository,mongodb.MongoQuoteRepository,1
mongodb.MongoOrderRepository,mongodb.MongoShipmentRepository,1
mongodb.MongoOrderRepository,mongodb.CatalogItem,1
mongodb.MongoOrderRepository,mongodb.Dealer,1
mongodb.MongoOrderRepository,mongodb.OrderDetails,1
mongodb.MongoOrderRepository,mongodb.QuoteDetails,1
mongodb.MongoOrderRepository,mongodb.ShipmentDetails,1
mongodb.MongoQuoteRepository,mongodb.MongoShipmentRepository,1
mongodb.MongoQuoteRepository,mongodb.CatalogItem,1
mongodb.MongoQuoteRepository,mongodb.Dealer,1
mongodb.MongoQuoteRepository,mongodb.OrderDetails,1
mongodb.MongoQuoteRepository,mongodb.QuoteDetails,1
mongodb.MongoQuoteRepository,mongodb.ShipmentDetails,1
mongodb.MongoShipmentRepository,mongodb.CatalogItem,1
mongodb.MongoShipmentRepository,mongodb.Dealer,1
mongodb.MongoShipmentRepository,mongodb.OrderDetails,1
mongodb.MongoShipmentRepository,mongodb.QuoteDetails,1
mongodb.MongoShipmentRepository,mongodb.ShipmentDetails,1
mongodb.CatalogItem,mongodb.Dealer,1
mongodb.CatalogItem,mongodb.OrderDetails,1
mongodb.CatalogItem,mongodb.QuoteDetails,1
mongodb.CatalogItem,mongodb.ShipmentDetails,1
mongodb.Dealer,mongodb.OrderDetails,1
mongodb.Dealer,mongodb.QuoteDetails,1
mongodb.Dealer,mongodb.ShipmentDetails,1
mongodb.OrderDetails,mongodb.QuoteDetails,1
mongodb.OrderDetails,mongodb.ShipmentDetails,1
mongodb.QuoteDetails,mongodb.ShipmentDetails,1
